theta0,theta1
8481.172796984529,-0.021273719070404658
